{
  "src/scheduled/auth-scheduled.ts": [
    {
      "name": "useAuth",
      "as": "useAuth",
      "from": "D:/Web Workspace/CODE_Develop/Service_Products/BasicPaper/webCode/basic-paper-cloud-vue3/src/hooks/use-auth/index.ts",
      "__source": "dir"
    }
  ],
  "src/router/index.ts": [
    {
      "name": "useAuth",
      "as": "useAuth",
      "from": "D:/Web Workspace/CODE_Develop/Service_Products/BasicPaper/webCode/basic-paper-cloud-vue3/src/hooks/use-auth/index.ts",
      "__source": "dir"
    }
  ],
  "src/hooks/use-auth/index.ts": [
    {
      "name": "ResultStatusEnum",
      "as": "ResultStatusEnum",
      "from": "D:/Web Workspace/CODE_Develop/Service_Products/BasicPaper/webCode/basic-paper-cloud-vue3/src/util/http/ajax-types.ts",
      "__source": "dir"
    },
    {
      "name": "msgBoxUtils",
      "as": "msgBoxUtils",
      "from": "D:/Web Workspace/CODE_Develop/Service_Products/BasicPaper/webCode/basic-paper-cloud-vue3/src/util/feedback/msg-box-utils.ts",
      "__source": "dir"
    }
  ],
  "src/layout/hooks/use-layout-tabs/index.ts": [
    {
      "from": "vue",
      "name": "ref",
      "as": "ref"
    },
    {
      "name": "useSetting",
      "as": "useSetting",
      "from": "D:/Web Workspace/CODE_Develop/Service_Products/BasicPaper/webCode/basic-paper-cloud-vue3/src/hooks/use-setting/index.ts",
      "__source": "dir"
    },
    {
      "from": "vue",
      "name": "nextTick",
      "as": "nextTick"
    }
  ],
  "src/util/http/ajax-utils.ts": [
    {
      "name": "useAuth",
      "as": "useAuth",
      "from": "D:/Web Workspace/CODE_Develop/Service_Products/BasicPaper/webCode/basic-paper-cloud-vue3/src/hooks/use-auth/index.ts",
      "__source": "dir"
    },
    {
      "name": "msgUtils",
      "as": "msgUtils",
      "from": "D:/Web Workspace/CODE_Develop/Service_Products/BasicPaper/webCode/basic-paper-cloud-vue3/src/util/feedback/msg-utils.ts",
      "__source": "dir"
    }
  ],
  "src/store/user.ts": [
    {
      "from": "vue",
      "name": "computed",
      "as": "computed"
    }
  ],
  "src/util/feedback/msg-box-utils.ts": [
    {
      "name": "ElMessageBox",
      "as": "ElMessageBox",
      "from": "element-plus/es",
      "sideEffects": [
        "element-plus/es/components/base/style/index",
        "element-plus/es/components/message-box/style/index"
      ]
    }
  ],
  "src/store/layout-tabs.ts": [
    {
      "from": "vue",
      "name": "reactive",
      "as": "reactive"
    },
    {
      "from": "vue",
      "name": "ref",
      "as": "ref"
    },
    {
      "from": "vue",
      "name": "computed",
      "as": "computed"
    }
  ],
  "src/util/feedback/msg-utils.ts": [
    {
      "name": "ElMessage",
      "as": "ElMessage",
      "from": "element-plus/es",
      "sideEffects": [
        "element-plus/es/components/base/style/index",
        "element-plus/es/components/message/style/index"
      ]
    }
  ],
  "src/store/setting.ts": [
    {
      "from": "vue",
      "name": "reactive",
      "as": "reactive"
    }
  ],
  "src/store/menu.ts": [
    {
      "from": "vue",
      "name": "reactive",
      "as": "reactive"
    },
    {
      "from": "vue",
      "name": "computed",
      "as": "computed"
    }
  ]
}